[
{
    "fields": {
        "location": "Delhi/NCR"
    },
    "model": "users.location",
    "pk": 1
},
{
    "fields": {
        "location": "Delhi"
    },
    "model": "users.location",
    "pk": 2
},
{
    "fields": {
        "location": "Gurgaon"
    },
    "model": "users.location",
    "pk": 3
},
{
    "fields": {
        "location": "Bangalore"
    },
    "model": "users.location",
    "pk": 4
},
{
    "fields": {
        "location": "Hyderabad"
    },
    "model": "users.location",
    "pk": 5
},
{
    "fields": {
        "location": "Mumbai"
    },
    "model": "users.location",
    "pk": 6
},
{
    "fields": {
        "location": "Pune"
    },
    "model": "users.location",
    "pk": 7
},
{
    "fields": {
        "location": "Cochin"
    },
    "model": "users.location",
    "pk": 8
},
{
    "fields": {
        "location": "Chennai"
    },
    "model": "users.location",
    "pk": 9
},
{
    "fields": {
        "location": "Anywhere in North India"
    },
    "model": "users.location",
    "pk": 10
},
{
    "fields": {
        "location": "Anywhere in South India"
    },
    "model": "users.location",
    "pk": 11
},
{
    "fields": {
        "location": "India"
    },
    "model": "users.location",
    "pk": 12
},
{
    "fields": {
        "location": "Bengaluru"
    },
    "model": "users.location",
    "pk": 13
},
{
    "fields": {
        "location": "Vishakhapatnam"
    },
    "model": "users.location",
    "pk": 14
},
{
    "fields": {
        "name": "MainFrames"
    },
    "model": "users.skill",
    "pk": 1
},
{
    "fields": {
        "name": "JCL"
    },
    "model": "users.skill",
    "pk": 2
},
{
    "fields": {
        "name": "Cobol"
    },
    "model": "users.skill",
    "pk": 3
},
{
    "fields": {
        "name": "DB2"
    },
    "model": "users.skill",
    "pk": 4
},
{
    "fields": {
        "name": "CICS"
    },
    "model": "users.skill",
    "pk": 5
},
{
    "fields": {
        "name": "VSAM"
    },
    "model": "users.skill",
    "pk": 6
},
{
    "fields": {
        "name": "WebSphere"
    },
    "model": "users.skill",
    "pk": 7
},
{
    "fields": {
        "name": "HADOOP"
    },
    "model": "users.skill",
    "pk": 8
},
{
    "fields": {
        "name": "HBASE"
    },
    "model": "users.skill",
    "pk": 9
},
{
    "fields": {
        "name": "HIVE"
    },
    "model": "users.skill",
    "pk": 10
},
{
    "fields": {
        "name": "Zookeeper"
    },
    "model": "users.skill",
    "pk": 11
},
{
    "fields": {
        "name": "Sqoop"
    },
    "model": "users.skill",
    "pk": 12
},
{
    "fields": {
        "name": "MapReduce"
    },
    "model": "users.skill",
    "pk": 13
},
{
    "fields": {
        "name": "Had"
    },
    "model": "users.skill",
    "pk": 14
},
{
    "fields": {
        "name": "ORACLE"
    },
    "model": "users.skill",
    "pk": 15
},
{
    "fields": {
        "name": "NETEZZA"
    },
    "model": "users.skill",
    "pk": 16
},
{
    "fields": {
        "name": "CEM"
    },
    "model": "users.skill",
    "pk": 17
},
{
    "fields": {
        "name": "Presales"
    },
    "model": "users.skill",
    "pk": 18
},
{
    "fields": {
        "name": "Technical Account Management"
    },
    "model": "users.skill",
    "pk": 19
},
{
    "fields": {
        "name": "Solution Architect"
    },
    "model": "users.skill",
    "pk": 20
},
{
    "fields": {
        "name": "LAN"
    },
    "model": "users.skill",
    "pk": 21
},
{
    "fields": {
        "name": "WAN"
    },
    "model": "users.skill",
    "pk": 22
},
{
    "fields": {
        "name": "VLAN"
    },
    "model": "users.skill",
    "pk": 23
},
{
    "fields": {
        "name": "PCRF"
    },
    "model": "users.skill",
    "pk": 24
},
{
    "fields": {
        "name": "PCEF"
    },
    "model": "users.skill",
    "pk": 25
},
{
    "fields": {
        "name": "IP Core Design"
    },
    "model": "users.skill",
    "pk": 26
},
{
    "fields": {
        "name": "MPBN"
    },
    "model": "users.skill",
    "pk": 27
},
{
    "fields": {
        "name": "MPLS"
    },
    "model": "users.skill",
    "pk": 28
},
{
    "fields": {
        "name": "VPN"
    },
    "model": "users.skill",
    "pk": 29
},
{
    "fields": {
        "name": "MGW"
    },
    "model": "users.skill",
    "pk": 30
},
{
    "fields": {
        "name": "MSC"
    },
    "model": "users.skill",
    "pk": 31
},
{
    "fields": {
        "name": "SGSN"
    },
    "model": "users.skill",
    "pk": 32
},
{
    "fields": {
        "name": "GGSN"
    },
    "model": "users.skill",
    "pk": 33
},
{
    "fields": {
        "name": "Router"
    },
    "model": "users.skill",
    "pk": 34
},
{
    "fields": {
        "name": "Java"
    },
    "model": "users.skill",
    "pk": 35
},
{
    "fields": {
        "name": "PHP"
    },
    "model": "users.skill",
    "pk": 36
},
{
    "fields": {
        "name": "MySQL"
    },
    "model": "users.skill",
    "pk": 37
},
{
    "fields": {
        "name": "C"
    },
    "model": "users.skill",
    "pk": 38
},
{
    "fields": {
        "name": "C++"
    },
    "model": "users.skill",
    "pk": 39
},
{
    "fields": {
        "name": "HTML"
    },
    "model": "users.skill",
    "pk": 40
},
{
    "fields": {
        "name": "Python"
    },
    "model": "users.skill",
    "pk": 41
},
{
    "fields": {
        "name": "Django"
    },
    "model": "users.skill",
    "pk": 42
},
{
    "fields": {
        "name": "REST"
    },
    "model": "users.skill",
    "pk": 43
},
{
    "fields": {
        "name": "Web Services"
    },
    "model": "users.skill",
    "pk": 44
},
{
    "fields": {
        "name": "J2EE"
    },
    "model": "users.skill",
    "pk": 45
},
{
    "fields": {
        "name": "GWT"
    },
    "model": "users.skill",
    "pk": 46
},
{
    "fields": {
        "name": "C#"
    },
    "model": "users.skill",
    "pk": 47
},
{
    "fields": {
        "name": "MongoDB"
    },
    "model": "users.skill",
    "pk": 48
},
{
    "fields": {
        "name": "HLR"
    },
    "model": "users.skill",
    "pk": 49
},
{
    "fields": {
        "name": "IP Routing"
    },
    "model": "users.skill",
    "pk": 50
},
{
    "fields": {
        "name": "Switching"
    },
    "model": "users.skill",
    "pk": 51
},
{
    "fields": {
        "name": "WLAN"
    },
    "model": "users.skill",
    "pk": 52
},
{
    "fields": {
        "name": "802 11A"
    },
    "model": "users.skill",
    "pk": 53
},
{
    "fields": {
        "name": "L3"
    },
    "model": "users.skill",
    "pk": 54
},
{
    "fields": {
        "name": "ISIS"
    },
    "model": "users.skill",
    "pk": 55
},
{
    "fields": {
        "name": "OSPF"
    },
    "model": "users.skill",
    "pk": 56
},
{
    "fields": {
        "name": "HDFS"
    },
    "model": "users.skill",
    "pk": 57
},
{
    "fields": {
        "name": "Zend Framework"
    },
    "model": "users.skill",
    "pk": 58
},
{
    "fields": {
        "name": "jQuery"
    },
    "model": "users.skill",
    "pk": 59
},
{
    "fields": {
        "name": "AJAX"
    },
    "model": "users.skill",
    "pk": 60
},
{
    "fields": {
        "name": "OOPS"
    },
    "model": "users.skill",
    "pk": 61
},
{
    "fields": {
        "name": "ASP.Net"
    },
    "model": "users.skill",
    "pk": 62
},
{
    "fields": {
        "name": "MVC"
    },
    "model": "users.skill",
    "pk": 63
},
{
    "fields": {
        "name": "WCF"
    },
    "model": "users.skill",
    "pk": 64
},
{
    "fields": {
        "name": "SQL"
    },
    "model": "users.skill",
    "pk": 65
},
{
    "fields": {
        "name": "Ado.net"
    },
    "model": "users.skill",
    "pk": 66
},
{
    "fields": {
        "name": "SQL Server"
    },
    "model": "users.skill",
    "pk": 67
},
{
    "fields": {
        "name": "PIG"
    },
    "model": "users.skill",
    "pk": 68
},
{
    "fields": {
        "name": "JEE"
    },
    "model": "users.skill",
    "pk": 69
},
{
    "fields": {
        "name": "Spring"
    },
    "model": "users.skill",
    "pk": 70
},
{
    "fields": {
        "name": "Hibernate"
    },
    "model": "users.skill",
    "pk": 71
},
{
    "fields": {
        "name": "JPA"
    },
    "model": "users.skill",
    "pk": 72
},
{
    "fields": {
        "name": "Web Services"
    },
    "model": "users.skill",
    "pk": 73
},
{
    "fields": {
        "name": "Telecom"
    },
    "model": "users.skill",
    "pk": 74
},
{
    "fields": {
        "name": "S/W Product Development"
    },
    "model": "users.skill",
    "pk": 75
},
{
    "fields": {
        "name": "Project Management"
    },
    "model": "users.skill",
    "pk": 76
},
{
    "fields": {
        "name": "hbase"
    },
    "model": "users.skill",
    "pk": 77
},
{
    "fields": {
        "name": "Core Java"
    },
    "model": "users.skill",
    "pk": 78
},
{
    "fields": {
        "name": "Program Management"
    },
    "model": "users.skill",
    "pk": 79
},
{
    "fields": {
        "name": "Financial Programming and Analysis"
    },
    "model": "users.skill",
    "pk": 80
},
{
    "fields": {
        "name": "Budgeting"
    },
    "model": "users.skill",
    "pk": 81
},
{
    "fields": {
        "name": "Corporate Strategy"
    },
    "model": "users.skill",
    "pk": 82
},
{
    "fields": {
        "name": "Cognos BI"
    },
    "model": "users.skill",
    "pk": 83
},
{
    "fields": {
        "name": "Report Studio"
    },
    "model": "users.skill",
    "pk": 84
},
{
    "fields": {
        "password": "pbkdf2_sha256$20000$zoheAE01LF5Y$4hP1TYvUJjyY9ospgRVs6QBy/iK/hxzauK5HZheJV7M=",
        "groups": [],
        "is_staff": true,
        "last_login": "2016-05-29T18:36:37.190Z",
        "username": "admin",
        "ug_course": "none",
        "user_type": "recruiter",
        "pg_tier1": false,
        "current_location": null,
        "pg_course": "none",
        "skills": [],
        "ctc": null,
        "resume": false,
        "pg_institute_name": null,
        "nearest_city": null,
        "name": "admin",
        "is_superuser": true,
        "ug_institute_name": null,
        "user_permissions": [],
        "preferred_location": [],
        "ug_passing_year": null,
        "mobile_number": null,
        "email": "admin@mail.com",
        "current_designation": null,
        "current_employer": null,
        "pg_passing_year": null,
        "ug_tier1": false,
        "date_joined": "2016-05-27T18:00:06.513Z",
        "corrected_location": null,
        "work_experience": null,
        "is_active": true
    },
    "model": "users.user",
    "pk": 1
},
{
    "fields": {
        "password": "pbkdf2_sha256$20000$nAnRmtlETPPL$jTj3RgIwppboh7GLfiknnzti3r0iMjTNFNuogdQcp8Q=",
        "groups": [],
        "is_staff": false,
        "last_login": "2016-05-29T18:24:58.914Z",
        "username": "user2@mail.com",
        "ug_course": "none",
        "user_type": "recruiter",
        "pg_tier1": false,
        "current_location": null,
        "pg_course": "none",
        "skills": [],
        "ctc": null,
        "resume": false,
        "pg_institute_name": "",
        "nearest_city": null,
        "name": "Shubham Goyal",
        "is_superuser": false,
        "ug_institute_name": "",
        "user_permissions": [],
        "preferred_location": [],
        "ug_passing_year": null,
        "mobile_number": 1234567899,
        "email": "shubham@mail.com",
        "current_designation": "",
        "current_employer": "",
        "pg_passing_year": null,
        "ug_tier1": false,
        "date_joined": "2016-05-29T09:39:26.140Z",
        "corrected_location": null,
        "work_experience": null,
        "is_active": true
    },
    "model": "users.user",
    "pk": 2
},
{
    "fields": {
        "password": "pbkdf2_sha256$20000$TR6Icv3by5aV$kV436MvZ9PgwB1w5DXwsjPYBP/2+kip727yQFnyg2z4=",
        "groups": [],
        "is_staff": false,
        "last_login": null,
        "username": "contact@contact.com",
        "ug_course": "B.Tech/B.E.",
        "user_type": "candidate",
        "pg_tier1": false,
        "current_location": 5,
        "pg_course": "none",
        "skills": [
            2,
            3,
            4,
            5,
            6,
            7,
            8,
            9,
            10,
            11,
            12,
            13
        ],
        "ctc": "3.7",
        "resume": false,
        "pg_institute_name": "",
        "nearest_city": 5,
        "name": "Name Surname",
        "is_superuser": false,
        "ug_institute_name": "Osmania University",
        "user_permissions": [],
        "preferred_location": [
            5
        ],
        "ug_passing_year": 2013,
        "mobile_number": 1234567890,
        "email": "contact@contact.com",
        "current_designation": "Associate Application Developer",
        "current_employer": "Computer Sciences Corporation",
        "pg_passing_year": null,
        "ug_tier1": false,
        "date_joined": "2016-05-29T10:29:29.201Z",
        "corrected_location": 5,
        "work_experience": "2.08",
        "is_active": true
    },
    "model": "users.user",
    "pk": 3
},
{
    "fields": {
        "password": "pbkdf2_sha256$20000$Gtr3BCASJbk7$pxbJP+lyR6gA/uImnr5eBJNNaZzaDTKuBBV62IaxSLA=",
        "groups": [],
        "is_staff": false,
        "last_login": null,
        "username": "contact@contact1.com",
        "ug_course": "B.Sc",
        "user_type": "candidate",
        "pg_tier1": false,
        "current_location": 8,
        "pg_course": "M.C.A",
        "skills": [
            8,
            14,
            15,
            16
        ],
        "ctc": "4.5",
        "resume": true,
        "pg_institute_name": "MES College of Engineering, Kuttipuram",
        "nearest_city": 8,
        "name": "Name Middlename Surname",
        "is_superuser": false,
        "ug_institute_name": "MES KVM COLLEGE, valanchery",
        "user_permissions": [],
        "preferred_location": [
            8
        ],
        "ug_passing_year": 2008,
        "mobile_number": 1234567891,
        "email": "contact@contact1.com",
        "current_designation": "System Engineer",
        "current_employer": "Tata Consultancy Services (TCS)",
        "pg_passing_year": 2012,
        "ug_tier1": false,
        "date_joined": "2016-05-29T10:33:41.952Z",
        "corrected_location": 8,
        "work_experience": "2.58",
        "is_active": true
    },
    "model": "users.user",
    "pk": 4
},
{
    "fields": {
        "password": "pbkdf2_sha256$20000$dv1AFVoEhoWz$wlDux1o44fXnkmyjqBdKXivGNfV0GQvXh+zs2P8IuhI=",
        "groups": [],
        "is_staff": false,
        "last_login": null,
        "username": "contact@contact2.com",
        "ug_course": "B.Tech/B.E.",
        "user_type": "candidate",
        "pg_tier1": false,
        "current_location": 3,
        "pg_course": "M.C.A",
        "skills": [
            8,
            13,
            17,
            18,
            19,
            20,
            21,
            22,
            23,
            24,
            26,
            27,
            28,
            29,
            30,
            31,
            32,
            33,
            34,
            49,
            50,
            51,
            52,
            53,
            54,
            55,
            56,
            57
        ],
        "ctc": "24.5",
        "resume": true,
        "pg_institute_name": "MES College of Engineering, Kuttipuram",
        "nearest_city": 2,
        "name": "Name M Surname",
        "is_superuser": false,
        "ug_institute_name": "M.I.E.T",
        "user_permissions": [],
        "preferred_location": [
            1,
            3
        ],
        "ug_passing_year": 2001,
        "mobile_number": 1234567892,
        "email": "contact@contact2.com",
        "current_designation": "Solution Architect/Technical Account Manager/TPM",
        "current_employer": "CELLOS India",
        "pg_passing_year": 2012,
        "ug_tier1": false,
        "date_joined": "2016-05-29T10:38:20.969Z",
        "corrected_location": 2,
        "work_experience": "14.00",
        "is_active": true
    },
    "model": "users.user",
    "pk": 5
},
{
    "fields": {
        "password": "pbkdf2_sha256$20000$yk1kMNrqf2Ob$5nrcXdTPluHZYs4je5iJMzatEwewm1v7CtDkOEtG0rw=",
        "groups": [],
        "is_staff": false,
        "last_login": null,
        "username": "user6@mail.com",
        "ug_course": "B.Tech/B.E.",
        "user_type": "candidate",
        "pg_tier1": false,
        "current_location": 5,
        "pg_course": "none",
        "skills": [
            36,
            37,
            40,
            58,
            59,
            60,
            61
        ],
        "ctc": "1.8",
        "resume": true,
        "pg_institute_name": "",
        "nearest_city": 5,
        "name": "Name Middleman S",
        "is_superuser": false,
        "ug_institute_name": "Jawaharlal Nehru Technological University (JNTU)",
        "user_permissions": [],
        "preferred_location": [
            12
        ],
        "ug_passing_year": 2010,
        "mobile_number": 1234567894,
        "email": "user6@mail.com",
        "current_designation": "",
        "current_employer": "",
        "pg_passing_year": null,
        "ug_tier1": false,
        "date_joined": "2016-05-29T15:29:27.771Z",
        "corrected_location": 5,
        "work_experience": "3.00",
        "is_active": true
    },
    "model": "users.user",
    "pk": 6
},
{
    "fields": {
        "password": "pbkdf2_sha256$20000$xfDY1KBthlRf$WfepGjdQZzMYk36GI9D79vyuZxhSncT9PRlbSg03VMI=",
        "groups": [],
        "is_staff": false,
        "last_login": null,
        "username": "user7@mail.com",
        "ug_course": "B.Tech/B.E.",
        "user_type": "candidate",
        "pg_tier1": false,
        "current_location": 4,
        "pg_course": "none",
        "skills": [
            8,
            10,
            13,
            47,
            62,
            63,
            64,
            65,
            67,
            68
        ],
        "ctc": "5.5",
        "resume": true,
        "pg_institute_name": "",
        "nearest_city": 13,
        "name": "N M Surname",
        "is_superuser": false,
        "ug_institute_name": "DR MGR UNIVERSITY",
        "user_permissions": [],
        "preferred_location": [
            3,
            4,
            9
        ],
        "ug_passing_year": 2009,
        "mobile_number": 1234567895,
        "email": "user7@mail.com",
        "current_designation": "Senior Software Developer",
        "current_employer": "open destinations infotech",
        "pg_passing_year": null,
        "ug_tier1": false,
        "date_joined": "2016-05-29T15:35:42.301Z",
        "corrected_location": 13,
        "work_experience": "5.08",
        "is_active": true
    },
    "model": "users.user",
    "pk": 7
},
{
    "fields": {
        "password": "pbkdf2_sha256$20000$dYTJTqaXdBg8$U4vCydH93U7TRHse4sRVBkQDm1727Ai6nr520C49lqI=",
        "groups": [],
        "is_staff": false,
        "last_login": null,
        "username": "user8@mail.com",
        "ug_course": "B.Sc",
        "user_type": "candidate",
        "pg_tier1": false,
        "current_location": 4,
        "pg_course": "M.C.A",
        "skills": [
            8,
            13,
            67,
            68
        ],
        "ctc": "19.0",
        "resume": true,
        "pg_institute_name": "Noorul Isalm college of Engineering,MS university",
        "nearest_city": 13,
        "name": "Name Surname",
        "is_superuser": false,
        "ug_institute_name": "Fergusson College, Pune",
        "user_permissions": [],
        "preferred_location": [
            4
        ],
        "ug_passing_year": 1999,
        "mobile_number": 1234567893,
        "email": "user8@mail.com",
        "current_designation": "Technical Team Lead",
        "current_employer": "Thomson Reuters India Pvt Limited",
        "pg_passing_year": 2003,
        "ug_tier1": false,
        "date_joined": "2016-05-29T16:07:47.184Z",
        "corrected_location": 13,
        "work_experience": "11.00",
        "is_active": true
    },
    "model": "users.user",
    "pk": 8
},
{
    "fields": {
        "password": "pbkdf2_sha256$20000$xwCQFpmcppdz$XMZQ1BoEqWnAK3kECVKgowr07e2NKcX/QWn5a+SJoio=",
        "groups": [],
        "is_staff": false,
        "last_login": null,
        "username": "user9@mail.com",
        "ug_course": "B.Tech/B.E.",
        "user_type": "candidate",
        "pg_tier1": false,
        "current_location": 14,
        "pg_course": "none",
        "skills": [],
        "ctc": "0.0",
        "resume": true,
        "pg_institute_name": "",
        "nearest_city": 5,
        "name": "Name Surname",
        "is_superuser": false,
        "ug_institute_name": "",
        "user_permissions": [],
        "preferred_location": [
            4,
            5,
            9
        ],
        "ug_passing_year": null,
        "mobile_number": 1234567891,
        "email": "user9@mail.com",
        "current_designation": "",
        "current_employer": "",
        "pg_passing_year": null,
        "ug_tier1": false,
        "date_joined": "2016-05-29T16:12:42.935Z",
        "corrected_location": 14,
        "work_experience": "0.00",
        "is_active": true
    },
    "model": "users.user",
    "pk": 9
},
{
    "fields": {
        "password": "pbkdf2_sha256$20000$dczWqazyAEn5$BH5fhZZZbhvkHDzpOGixLJyDpgOx0/BE3NArn+gnY3M=",
        "groups": [],
        "is_staff": false,
        "last_login": null,
        "username": "user10@mail.com",
        "ug_course": "B.C.A",
        "user_type": "candidate",
        "pg_tier1": false,
        "current_location": 2,
        "pg_course": "M.C.A",
        "skills": [
            8,
            10,
            12,
            13,
            35,
            43,
            44,
            45,
            46,
            68,
            70,
            71,
            72,
            73,
            74
        ],
        "ctc": "14.0",
        "resume": true,
        "pg_institute_name": "Centre for Development of Advanced Computing (CDAC)",
        "nearest_city": 2,
        "name": "Name Surname",
        "is_superuser": false,
        "ug_institute_name": "Institue of Management Edu, Sahibabad(U.P.)",
        "user_permissions": [],
        "preferred_location": [
            10,
            11
        ],
        "ug_passing_year": 2002,
        "mobile_number": 1234567894,
        "email": "user10@mail.com",
        "current_designation": "Solution Architect",
        "current_employer": "Ericsson India Global Services Pvt. Ltd.",
        "pg_passing_year": 2005,
        "ug_tier1": false,
        "date_joined": "2016-05-29T16:17:04.404Z",
        "corrected_location": 2,
        "work_experience": "9.00",
        "is_active": true
    },
    "model": "users.user",
    "pk": 10
}
]
